{
  "habitacion": [
    {
      "id": 1,
      "nombre": "Suite Junior",
      "descripcion": "Dispone de 1 cama Queen size",
      "internet": true,
      "aireAcondicionado": true,
      "minibar": true,
      "jacuzzi": true,
      "capacidad": 2,
      "baños": "1",
      "precio": 700,
      "imagen": "http://127.0.0.1:5500/Proyecto%20JavaScript/imagenes/cama%20queen.webp",
      "estado": "no-disponible"
    },
    {
      "id": 2,
      "nombre": "Habitacion Superior",
      "descripcion": "Dispone de 2 camas Queen size",
      "internet": true,
      "aireAcondicionado": true,
      "minibar": false,
      "jacuzzi": false,
      "capacidad": 4,
      "baños": "2",
      "precio": 1200,
      "imagen": "http://127.0.0.1:5500/Proyecto%20JavaScript/imagenes/camas%20dobles.webp",
      "estado": "disponible"
    },
    {
      "id": 3,
      "nombre": "Habitacion Familiar",
      "descripcion": "Dispone de 1 cama Queen size y 1 litera",
      "internet": true,
      "aireAcondicionado": true,
      "minibar": false,
      "jacuzzi": false,
      "capacidad": 4,
      "baños": "2",
      "precio": 2000,
      "imagen": "http://127.0.0.1:5500/Proyecto%20JavaScript/imagenes/familiar.jpg",
      "estado": "disponible"
    },
    {
      "id": 4,
      "nombre": "Habitacion Doble Superior",
      "descripcion": "Dispone de 1 cama matrimonial",
      "internet": true,
      "aireAcondicionado": true,
      "minibar": true,
      "jacuzzi": true,
      "capacidad": 2,
      "baños": "1",
      "precio": 850,
      "imagen": "http://127.0.0.1:5500/Proyecto%20JavaScript/imagenes/matrimonial.jpg",
      "estado": "disponible"
    },
    {
      "id": 5,
      "nombre": "Suite estudio",
      "descripcion": "Dispone de 2 camas King size",
      "internet": true,
      "aireAcondicionado": false,
      "minibar": true,
      "jacuzzi": false,
      "capacidad": 4,
      "baños": "2",
      "precio": 1500,
      "imagen": "http://127.0.0.1:5500/Proyecto%20JavaScript/imagenes/king%20size.webp",
      "estado": "disponible"
    },
    {
      "id": 6,
      "nombre": "Habitacion Familiar Sencilla",
      "descripcion": "Dispone de 2 camas individual y 1 Queen Size.",
      "internet": true,
      "aireAcondicionado": false,
      "minibar": false,
      "jacuzzi": false,
      "capacidad": 4,
      "baños": "1",
      "precio": 1500,
      "imagen": "http://127.0.0.1:5500/Proyecto%20JavaScript/imagenes/familiar%20sencilla.jpg",
      "estado": "disponible"
    },
    {
      "id": 7,
      "nombre": "Doble Estándar",
      "descripcion": "Dispone de 2 camas individuales",
      "internet": true,
      "aireAcondicionado": true,
      "minibar": false,
      "jacuzzi": false,
      "capacidad": 2,
      "baños": "1",
      "precio": 900,
      "imagen": "https://q-xx.bstatic.com/xdata/images/hotel/max500/30565354.jpg?k=c2b709cf3a30ecdcff150a5200cec19952cf8ffaeb567a349f39e611b92a20cf&o=",
      "estado": "disponible"
    },
    {
      "id": 8,
      "nombre": "Suite Junior con vistas al mar",
      "descripcion": "Dispone de 1 cama Queen size",
      "internet": true,
      "aireAcondicionado": true,
      "minibar": true,
      "jacuzzi": true,
      "capacidad": 2,
      "baños": "1",
      "precio": 2500,
      "imagen": "https://q-xx.bstatic.com/xdata/images/hotel/max500/30565430.jpg?k=f495394b36b5c3baee9ca4aaf7e69b584771dfb031984bec2c889cc5e166ef21&o=",
      "estado": "disponible"
    },
    {
      "id": 9,
      "nombre": "Habitación Doble con balcón",
      "descripcion": "Dispone de 1 cama King size",
      "internet": true,
      "aireAcondicionado": true,
      "minibar": true,
      "jacuzzi": true,
      "capacidad": 2,
      "baños": "1",
      "precio": 2700,
      "imagen": "https://hilton-santa-marta.hotelinsantamarta.com/data/Imgs/OriginalPhoto/16137/1613765/1613765039/img-santa-marta-magdalena-83.JPEG",
      "estado": "disponible"
    },
    {
      "id": 10,
      "nombre": "Habitación Deluxe",
      "descripcion": "Dispone de 1 cama King size y 1 sofá cama",
      "internet": true,
      "aireAcondicionado": true,
      "minibar": false,
      "jacuzzi": false,
      "capacidad": 3,
      "baños": "2",
      "precio": 1200,
      "imagen": "https://cf.bstatic.com/xdata/images/hotel/max1024x768/597938191.jpg?k=e4596fb175d38669de7711d220726583839446836050e4b62bf262f5c4b50124&o=&hp=1",
      "estado": "disponible"
    },
    {
      "id": 11,
      "nombre": "Estudio y cocina",
      "descripcion": "Dispone de 1 cama King size",
      "internet": true,
      "aireAcondicionado": true,
      "minibar": true,
      "jacuzzi": true,
      "capacidad": 2,
      "baños": "1",
      "precio": 3000,
      "imagen": "https://www.wyndhamhotels.com/content/dam/property-images/en-us/hr/co/others/santa-marta/57652/57652_guest_room_16.jpg?downsize=330:*",
      "estado": "disponible"
    },
    {
      "id": 12,
      "nombre": "Habitacion Vista al Mar",
      "descripcion": "Dispone de 2 camas individuales",
      "internet": true,
      "aireAcondicionado": true,
      "minibar": false,
      "jacuzzi": true,
      "capacidad": 4,
      "baños": "2",
      "precio": 2000,
      "imagen": "https://encrypted-tbn0.gstatic.com/images?q=tbn:ANd9GcSiIUh3rSYh8Wx8UEev7nTUFQ2ScjuqfQ65_lNLdzNodx532fVp",
      "estado": "disponible"
    },
    {
      "id": 13,
      "nombre": "Suite Deluxe",
      "descripcion": "Dispone de 2 camas matrimoniales",
      "internet": true,
      "aireAcondicionado": true,
      "minibar": true,
      "jacuzzi": false,
      "capacidad": 4,
      "baños": "2",
      "precio": 2500,
      "imagen": "https://cf.bstatic.com/xdata/images/hotel/max1024x768/599663104.jpg?k=736207711eb33ffa6b41f9e9b094bdaf34fec43a8cf8213cd347dabb53da14b5&o=&hp=1",
      "estado": "disponible"
    },
    {
      "id": 14,
      "nombre": "Suite Executive",
      "descripcion": "Dispone de 2 camas matrimoniales y 1 sofácama",
      "internet": true,
      "aireAcondicionado": true,
      "minibar": true,
      "jacuzzi": false,
      "capacidad": 5,
      "baños": "3",
      "precio": 3700,
      "imagen": "https://cf.bstatic.com/xdata/images/hotel/max1024x768/599667721.jpg?k=8574bc362c57f216a856cc9ddca926e519cce376267bf8fe92eecf306b9c2fd9&o=&hp=1",
      "estado": "disponible"
    },
    {
      "id": 15,
      "nombre": "Suite Individual",
      "descripcion": "Dispone de 3 camas individuales",
      "internet": true,
      "aireAcondicionado": true,
      "minibar": false,
      "jacuzzi": false,
      "capacidad": 3,
      "baños": "1",
      "precio": 1500,
      "imagen": "https://cf.bstatic.com/xdata/images/hotel/max1280x900/397212000.jpg?k=474a8fd907a70a8770d96993d952b42c3db2e041f31f56bb9da498aee297a4f0&o=&hp=1",
      "estado": "disponible"
    },
    {
      "id": 16,
      "nombre": "Habitacion Senior",
      "descripcion": "Dispone de 2 camas individuales y 1 matrimonial",
      "internet": true,
      "aireAcondicionado": true,
      "minibar": false,
      "jacuzzi": false,
      "capacidad": 4,
      "baños": "2",
      "precio": 2600,
      "imagen": "https://cf.bstatic.com/xdata/images/hotel/max1024x768/592189975.jpg?k=544231cc6ee3dd2765c9ebf963e4eb7717baa9ce86859eae138f9bbd70a0c3ae&o=&hp=1",
      "estado": "disponible"
    },
    {
      "id": 17,
      "nombre": "Habitación Doble Junior",
      "descripcion": "Dispone de 1 cama Queen size",
      "internet": true,
      "aireAcondicionado": false,
      "minibar": false,
      "jacuzzi": false,
      "capacidad": 2,
      "baños": "1",
      "precio": 700,
      "imagen": "https://cf.bstatic.com/xdata/images/hotel/max1024x768/592189287.jpg?k=d099020172a89253f8c201eaf265b858ccec72206bd9866f3179d2dd38410b81&o=&hp=1",
      "estado": "disponible"
    },
    {
      "id": 18,
      "nombre": "Habitacion Rustica",
      "descripcion": "Dispone de 1 cama Queen size",
      "internet": true,
      "aireAcondicionado": false,
      "minibar": false,
      "jacuzzi": false,
      "capacidad": 2,
      "baños": "1",
      "precio": 900,
      "imagen": "https://cf.bstatic.com/xdata/images/hotel/max1024x768/542820852.jpg?k=465bc7a4d8019857f38ca09e8087ecfbd50e37b6e4b271d286f5cd2c0aa259e4&o=&hp=1",
      "estado": "disponible"
    },
    {
      "id": 19,
      "nombre": "Habitacion Esmeralda",
      "descripcion": "Dispone de 1 cama individual y 1 cama Queen size",
      "internet": true,
      "aireAcondicionado": true,
      "minibar": true,
      "jacuzzi": false,
      "capacidad": 3,
      "baños": "1",
      "precio": 1100,
      "imagen": "https://cf.bstatic.com/xdata/images/hotel/max1024x768/542821025.jpg?k=174cdd39913bde8a9918939d229d5c2557cb9954e17329758595142ce29086dc&o=&hp=1",
      "estado": "disponible"
    },
    {
      "id": 20,
      "nombre": "Habitacion Calida",
      "descripcion": "Dispone de 1 cama Doble",
      "internet": true,
      "aireAcondicionado": false,
      "minibar": false,
      "jacuzzi": false,
      "capacidad": 2,
      "baños": "1",
      "precio": 1050,
      "imagen": "https://cf.bstatic.com/xdata/images/hotel/max1024x768/542820476.jpg?k=ddb272aa5adf9aa3f94cb15f1c01bd8d72e3fa0d7257df307e2f7a042e4dd131&o=&hp=1",
      "estado": "disponible"
    }
  ],
  "usuarios": [
    {
      "email": "rogeliopaez793@gmail.com",
      "password": "laia",
      "id": 1
    },
    {
      "email": "laiacarrilloes@gmail.com",
      "password": "ian",
      "id": 2
    },
    {
      "email": "laai@gmail.com",
      "password": "laia",
      "id": 3
    },
    {
      "email": "lay@gmail.com",
      "password": "laia",
      "id": 4,
      "reservas": [
        1
      ]
    }
  ]
}